{
  "updateBooking" : {
    "transaction" : "updateBooking",
    "sampleCount" : 500,
    "errorCount" : 0,
    "errorPct" : 0.0,
    "meanResTime" : 340.6320000000001,
    "medianResTime" : 327.5,
    "minResTime" : 290.0,
    "maxResTime" : 559.0,
    "pct1ResTime" : 402.0,
    "pct2ResTime" : 420.0,
    "pct3ResTime" : 527.9300000000001,
    "throughput" : 52.570707601724315,
    "receivedKBytesPerSec" : 21.048818473346653,
    "sentKBytesPerSec" : 26.696062454000632
  },
  "Total" : {
    "transaction" : "Total",
    "sampleCount" : 3000,
    "errorCount" : 0,
    "errorPct" : 0.0,
    "meanResTime" : 491.6479999999997,
    "medianResTime" : 326.0,
    "minResTime" : 285.0,
    "maxResTime" : 2588.0,
    "pct1ResTime" : 1217.0,
    "pct2ResTime" : 1309.0,
    "pct3ResTime" : 1502.9299999999985,
    "throughput" : 238.45481281297194,
    "receivedKBytesPerSec" : 85.29385829822749,
    "sentKBytesPerSec" : 78.7115119028694
  },
  "deleteBooking" : {
    "transaction" : "deleteBooking",
    "sampleCount" : 500,
    "errorCount" : 0,
    "errorPct" : 0.0,
    "meanResTime" : 342.97000000000014,
    "medianResTime" : 324.5,
    "minResTime" : 290.0,
    "maxResTime" : 595.0,
    "pct1ResTime" : 409.90000000000003,
    "pct2ResTime" : 436.95,
    "pct3ResTime" : 550.8600000000001,
    "throughput" : 52.13764337851929,
    "receivedKBytesPerSec" : 12.62708550573514,
    "sentKBytesPerSec" : 14.052724191866528
  },
  "createToken" : {
    "transaction" : "createToken",
    "sampleCount" : 500,
    "errorCount" : 0,
    "errorPct" : 0.0,
    "meanResTime" : 314.0080000000001,
    "medianResTime" : 304.0,
    "minResTime" : 286.0,
    "maxResTime" : 518.0,
    "pct1ResTime" : 341.0,
    "pct2ResTime" : 369.0,
    "pct3ResTime" : 466.95000000000005,
    "throughput" : 52.60942760942761,
    "receivedKBytesPerSec" : 13.923002814604377,
    "sentKBytesPerSec" : 15.2587890625
  },
  "getUpdateBooking" : {
    "transaction" : "getUpdateBooking",
    "sampleCount" : 500,
    "errorCount" : 0,
    "errorPct" : 0.0,
    "meanResTime" : 329.8320000000004,
    "medianResTime" : 316.0,
    "minResTime" : 285.0,
    "maxResTime" : 1163.0,
    "pct1ResTime" : 363.0,
    "pct2ResTime" : 418.95,
    "pct3ResTime" : 540.7600000000002,
    "throughput" : 52.54308532997057,
    "receivedKBytesPerSec" : 21.03775877469525,
    "sentKBytesPerSec" : 11.442488309163513
  },
  "getBooking" : {
    "transaction" : "getBooking",
    "sampleCount" : 500,
    "errorCount" : 0,
    "errorPct" : 0.0,
    "meanResTime" : 331.45200000000006,
    "medianResTime" : 318.0,
    "minResTime" : 288.0,
    "maxResTime" : 872.0,
    "pct1ResTime" : 368.0,
    "pct2ResTime" : 417.0,
    "pct3ResTime" : 521.7900000000002,
    "throughput" : 52.73149124657245,
    "receivedKBytesPerSec" : 21.362227444104622,
    "sentKBytesPerSec" : 11.483518113267245
  },
  "createBooking" : {
    "transaction" : "createBooking",
    "sampleCount" : 500,
    "errorCount" : 0,
    "errorPct" : 0.0,
    "meanResTime" : 1290.994,
    "medianResTime" : 1233.5,
    "minResTime" : 1152.0,
    "maxResTime" : 2588.0,
    "pct1ResTime" : 1450.9,
    "pct2ResTime" : 1555.6499999999999,
    "pct3ResTime" : 1799.7700000000002,
    "throughput" : 45.649593718615904,
    "receivedKBytesPerSec" : 19.786067458687118,
    "sentKBytesPerSec" : 21.802673924952067
  }
}