{
  "updateBooking" : {
    "transaction" : "updateBooking",
    "sampleCount" : 1000,
    "errorCount" : 0,
    "errorPct" : 0.0,
    "meanResTime" : 983.796,
    "medianResTime" : 948.0,
    "minResTime" : 304.0,
    "maxResTime" : 2231.0,
    "pct1ResTime" : 1426.0,
    "pct2ResTime" : 1675.4999999999993,
    "pct3ResTime" : 2108.0,
    "throughput" : 66.07638430025109,
    "receivedKBytesPerSec" : 26.456364807717723,
    "sentKBytesPerSec" : 33.55441390247125
  },
  "Total" : {
    "transaction" : "Total",
    "sampleCount" : 6000,
    "errorCount" : 0,
    "errorPct" : 0.0,
    "meanResTime" : 1134.2873333333362,
    "medianResTime" : 920.5,
    "minResTime" : 285.0,
    "maxResTime" : 8029.0,
    "pct1ResTime" : 1938.800000000001,
    "pct2ResTime" : 3041.0499999999965,
    "pct3ResTime" : 5179.969999999999,
    "throughput" : 323.90412437918377,
    "receivedKBytesPerSec" : 115.84738886039732,
    "sentKBytesPerSec" : 106.9128752732941
  },
  "deleteBooking" : {
    "transaction" : "deleteBooking",
    "sampleCount" : 1000,
    "errorCount" : 0,
    "errorPct" : 0.0,
    "meanResTime" : 1080.1750000000004,
    "medianResTime" : 1007.0,
    "minResTime" : 300.0,
    "maxResTime" : 2259.0,
    "pct1ResTime" : 1727.0,
    "pct2ResTime" : 2084.0,
    "pct3ResTime" : 2236.99,
    "throughput" : 66.36140420731303,
    "receivedKBytesPerSec" : 16.071902581458623,
    "sentKBytesPerSec" : 17.88647222775234
  },
  "createToken" : {
    "transaction" : "createToken",
    "sampleCount" : 1000,
    "errorCount" : 0,
    "errorPct" : 0.0,
    "meanResTime" : 608.9190000000006,
    "medianResTime" : 350.0,
    "minResTime" : 285.0,
    "maxResTime" : 4401.0,
    "pct1ResTime" : 1271.5999999999997,
    "pct2ResTime" : 1413.4999999999993,
    "pct3ResTime" : 3887.4100000000153,
    "throughput" : 66.14631565021828,
    "receivedKBytesPerSec" : 17.505519083212064,
    "sentKBytesPerSec" : 19.185015379018388
  },
  "getUpdateBooking" : {
    "transaction" : "getUpdateBooking",
    "sampleCount" : 1000,
    "errorCount" : 0,
    "errorPct" : 0.0,
    "meanResTime" : 848.2770000000006,
    "medianResTime" : 712.0,
    "minResTime" : 305.0,
    "maxResTime" : 2032.0,
    "pct1ResTime" : 1336.9,
    "pct2ResTime" : 1941.5999999999844,
    "pct3ResTime" : 2021.94,
    "throughput" : 65.53938917289291,
    "receivedKBytesPerSec" : 26.241356993052825,
    "sentKBytesPerSec" : 14.27273807183117
  },
  "getBooking" : {
    "transaction" : "getBooking",
    "sampleCount" : 1000,
    "errorCount" : 0,
    "errorPct" : 0.0,
    "meanResTime" : 794.3019999999999,
    "medianResTime" : 671.0,
    "minResTime" : 298.0,
    "maxResTime" : 2333.0,
    "pct1ResTime" : 1347.0,
    "pct2ResTime" : 1732.9499999999998,
    "pct3ResTime" : 2285.6000000000004,
    "throughput" : 66.0676532769556,
    "receivedKBytesPerSec" : 26.75804476909355,
    "sentKBytesPerSec" : 14.387779961680762
  },
  "createBooking" : {
    "transaction" : "createBooking",
    "sampleCount" : 1000,
    "errorCount" : 0,
    "errorPct" : 0.0,
    "meanResTime" : 2490.2550000000015,
    "medianResTime" : 1687.5,
    "minResTime" : 1190.0,
    "maxResTime" : 8029.0,
    "pct1ResTime" : 4918.5,
    "pct2ResTime" : 5311.049999999998,
    "pct3ResTime" : 6356.63,
    "throughput" : 59.580552907530986,
    "receivedKBytesPerSec" : 25.8180456461511,
    "sentKBytesPerSec" : 28.451168616688516
  }
}