{
  "updateBooking" : {
    "transaction" : "updateBooking",
    "sampleCount" : 2000,
    "errorCount" : 0,
    "errorPct" : 0.0,
    "meanResTime" : 9660.70500000003,
    "medianResTime" : 10326.0,
    "minResTime" : 3358.0,
    "maxResTime" : 13226.0,
    "pct1ResTime" : 13030.0,
    "pct2ResTime" : 13075.95,
    "pct3ResTime" : 13147.0,
    "throughput" : 67.98558705554422,
    "receivedKBytesPerSec" : 27.220791692161264,
    "sentKBytesPerSec" : 34.5101213542729
  },
  "Total" : {
    "transaction" : "Total",
    "sampleCount" : 12000,
    "errorCount" : 0,
    "errorPct" : 0.0,
    "meanResTime" : 4943.729000000005,
    "medianResTime" : 4242.0,
    "minResTime" : 274.0,
    "maxResTime" : 13267.0,
    "pct1ResTime" : 10850.8,
    "pct2ResTime" : 12345.0,
    "pct3ResTime" : 13139.0,
    "throughput" : 313.5205747877204,
    "receivedKBytesPerSec" : 112.12299967341607,
    "sentKBytesPerSec" : 103.44306213259308
  },
  "deleteBooking" : {
    "transaction" : "deleteBooking",
    "sampleCount" : 2000,
    "errorCount" : 0,
    "errorPct" : 0.0,
    "meanResTime" : 6822.393000000002,
    "medianResTime" : 6937.0,
    "minResTime" : 2027.0,
    "maxResTime" : 13267.0,
    "pct1ResTime" : 12637.0,
    "pct2ResTime" : 13135.0,
    "pct3ResTime" : 13215.0,
    "throughput" : 71.46685724495265,
    "receivedKBytesPerSec" : 17.308379489011973,
    "sentKBytesPerSec" : 19.248034661425763
  },
  "createToken" : {
    "transaction" : "createToken",
    "sampleCount" : 2000,
    "errorCount" : 0,
    "errorPct" : 0.0,
    "meanResTime" : 320.0219999999993,
    "medianResTime" : 302.0,
    "minResTime" : 274.0,
    "maxResTime" : 947.0,
    "pct1ResTime" : 385.0,
    "pct2ResTime" : 436.89999999999964,
    "pct3ResTime" : 487.99,
    "throughput" : 92.85051067780873,
    "receivedKBytesPerSec" : 24.572742571959147,
    "sentKBytesPerSec" : 26.930275069637883
  },
  "getUpdateBooking" : {
    "transaction" : "getUpdateBooking",
    "sampleCount" : 2000,
    "errorCount" : 0,
    "errorPct" : 0.0,
    "meanResTime" : 4652.851499999997,
    "medianResTime" : 4123.5,
    "minResTime" : 3507.0,
    "maxResTime" : 7868.0,
    "pct1ResTime" : 6790.200000000001,
    "pct2ResTime" : 7004.95,
    "pct3ResTime" : 7727.99,
    "throughput" : 67.49687826938005,
    "receivedKBytesPerSec" : 27.02511727582599,
    "sentKBytesPerSec" : 14.685316897843474
  },
  "getBooking" : {
    "transaction" : "getBooking",
    "sampleCount" : 2000,
    "errorCount" : 0,
    "errorPct" : 0.0,
    "meanResTime" : 4321.710499999996,
    "medianResTime" : 4643.5,
    "minResTime" : 548.0,
    "maxResTime" : 7807.0,
    "pct1ResTime" : 6806.0,
    "pct2ResTime" : 7006.95,
    "pct3ResTime" : 7734.99,
    "throughput" : 91.86110600771634,
    "receivedKBytesPerSec" : 37.20464501423847,
    "sentKBytesPerSec" : 19.986249540694473
  },
  "createBooking" : {
    "transaction" : "createBooking",
    "sampleCount" : 2000,
    "errorCount" : 0,
    "errorPct" : 0.0,
    "meanResTime" : 3884.692000000002,
    "medianResTime" : 3713.0,
    "minResTime" : 1181.0,
    "maxResTime" : 7142.0,
    "pct1ResTime" : 6219.700000000001,
    "pct2ResTime" : 6368.0,
    "pct3ResTime" : 6570.97,
    "throughput" : 122.44398187829069,
    "receivedKBytesPerSec" : 53.033788799436756,
    "sentKBytesPerSec" : 58.46999070191013
  }
}