{
  "updateBooking" : {
    "transaction" : "updateBooking",
    "sampleCount" : 100,
    "errorCount" : 0,
    "errorPct" : 0.0,
    "meanResTime" : 275.64,
    "medianResTime" : 273.0,
    "minResTime" : 264.0,
    "maxResTime" : 449.0,
    "pct1ResTime" : 281.0,
    "pct2ResTime" : 286.84999999999997,
    "pct3ResTime" : 447.85999999999945,
    "throughput" : 10.57194206575748,
    "receivedKBytesPerSec" : 4.232906491172429,
    "sentKBytesPerSec" : 5.36856433026747
  },
  "Total" : {
    "transaction" : "Total",
    "sampleCount" : 600,
    "errorCount" : 0,
    "errorPct" : 0.0,
    "meanResTime" : 410.82333333333355,
    "medianResTime" : 271.0,
    "minResTime" : 260.0,
    "maxResTime" : 1659.0,
    "pct1ResTime" : 1067.0,
    "pct2ResTime" : 1081.9499999999998,
    "pct3ResTime" : 1253.99,
    "throughput" : 49.09581867277637,
    "receivedKBytesPerSec" : 17.568056521561246,
    "sentKBytesPerSec" : 16.208811932329596
  },
  "deleteBooking" : {
    "transaction" : "deleteBooking",
    "sampleCount" : 100,
    "errorCount" : 0,
    "errorPct" : 0.0,
    "meanResTime" : 275.61000000000024,
    "medianResTime" : 271.0,
    "minResTime" : 263.0,
    "maxResTime" : 448.0,
    "pct1ResTime" : 278.8,
    "pct2ResTime" : 289.0,
    "pct3ResTime" : 447.5499999999998,
    "throughput" : 10.561892691170257,
    "receivedKBytesPerSec" : 2.5579583861427966,
    "sentKBytesPerSec" : 2.8467601394169835
  },
  "createToken" : {
    "transaction" : "createToken",
    "sampleCount" : 100,
    "errorCount" : 0,
    "errorPct" : 0.0,
    "meanResTime" : 270.56000000000006,
    "medianResTime" : 267.0,
    "minResTime" : 260.0,
    "maxResTime" : 430.0,
    "pct1ResTime" : 272.0,
    "pct2ResTime" : 286.6499999999999,
    "pct3ResTime" : 429.07999999999953,
    "throughput" : 10.589854918987609,
    "receivedKBytesPerSec" : 2.80258855766176,
    "sentKBytesPerSec" : 3.07147159271418
  },
  "getUpdateBooking" : {
    "transaction" : "getUpdateBooking",
    "sampleCount" : 100,
    "errorCount" : 0,
    "errorPct" : 0.0,
    "meanResTime" : 269.6000000000001,
    "medianResTime" : 269.0,
    "minResTime" : 262.0,
    "maxResTime" : 361.0,
    "pct1ResTime" : 273.9,
    "pct2ResTime" : 275.0,
    "pct3ResTime" : 360.27999999999963,
    "throughput" : 10.569707219110029,
    "receivedKBytesPerSec" : 4.232011679526477,
    "sentKBytesPerSec" : 2.301801474474157
  },
  "getBooking" : {
    "transaction" : "getBooking",
    "sampleCount" : 100,
    "errorCount" : 0,
    "errorPct" : 0.0,
    "meanResTime" : 271.51,
    "medianResTime" : 269.5,
    "minResTime" : 263.0,
    "maxResTime" : 371.0,
    "pct1ResTime" : 275.9,
    "pct2ResTime" : 280.95,
    "pct3ResTime" : 370.32999999999964,
    "throughput" : 10.59322033898305,
    "receivedKBytesPerSec" : 4.295840505826272,
    "sentKBytesPerSec" : 2.3069220074152543
  },
  "createBooking" : {
    "transaction" : "createBooking",
    "sampleCount" : 100,
    "errorCount" : 0,
    "errorPct" : 0.0,
    "meanResTime" : 1102.0200000000002,
    "medianResTime" : 1072.0,
    "minResTime" : 1044.0,
    "maxResTime" : 1659.0,
    "pct1ResTime" : 1154.9,
    "pct2ResTime" : 1354.699999999999,
    "pct3ResTime" : 1658.92,
    "throughput" : 9.208951100469656,
    "receivedKBytesPerSec" : 3.9952818514596187,
    "sentKBytesPerSec" : 4.401410983976425
  }
}